Empresa Topper ; 234567890 ; Baladas Noturnas
Empresa Topper ; 234567890 ; Baladas Noturnas
Empresa Topper ; 234567890 ; Baladas Noturnas
Empresa Topper ; 234567890 ; Baladas Noturnas
Havaianas ; 11234567890 ; Sandálias Overpriced
Nome: Havaianas ; CNPJ: 11234567890 ; Atividade: Sandálias Overpriced 
Nome: Havaianas ; CNPJ: 11234567890 ; Atividade: Sandálias Overpriced 
Nome: Havaianas ; CNPJ: 11234567890 ; Atividade: Sandálias Overpriced 
Nome: Havaianas ; CNPJ: 11234567890 ; Atividade: Sandálias Overpriced 
Nome: Havaianas ; CNPJ: 11234567890 ; Atividade: Sandálias Overpriced 
